Número de tarjeta de crédito,Monto de transacción,País de emisión,Hora de transacción,Fecha de transacción,Resultado,Nombre de la persona,Ciudad,Empresa,¿Multinacional?,¿Online o presencial?,Correo electrónico,¿Transacción online o presencial?,¿Cajero automático involucrado?
4382-3982-7945-1123,2450.32,USA,15:32:47,2023-07-15,Aceptada,John Doe,New York,ABC Inc.,Sí,Online,john.doe@example.com,Online,No
5491-2348-6793-8876,125.08,Canada,9:15:21,2023-07-16,Rechazada,Jane Smith,Toronto,XYZ Corp.,No,Presencial,jane.smith@example.com,Presencial,No
7832-1298-3765-5555,750.00,Germany,21:03:05,2023-07-14,Aceptada,Max Müller,Berlin,Global Corp.,Sí,Ambas,max.mueller@example.com,Presencial,Sí
3377-7854-9012-3410,198.45,France,14:57:39,2023-07-18,Aceptada,Marie Leclerc,Paris,French Co.,No,Online,marie.leclerc@example.com,Online,No
1122-3344-5566-7788,450.25,USA,12:20:10,2023-07-13,Rechazada,James Johnson,Los Angeles,USA Ltd.,No,Presencial,james.johnson@example.com,Presencial,Sí
5566-9098-5678-1234,350.00,Mexico,19:48:30,2023-07-19,Aceptada,Ana Gómez,Mexico City,Mex Co.,No,Presencial,ana.gomez@example.com,Presencial,No
9988-7654-3210-4567,1200.80,Brazil,8:10:55,2023-07-20,Aceptada,Pedro Silva,Rio de Janeiro,Brazilian Co.,No,Online,pedro.silva@example.com,Online,No
5544-7896-1234-5678,205.30,USA,16:55:18,2023-07-17,Aceptada,Emily White,San Francisco,USA Inc.,Sí,Ambas,emily.white@example.com,Presencial,Sí
4433-6677-9900-1122,500.00,UK,11:30:42,2023-07-14,Rechazada,David Brown,London,UK Corp.,No,Presencial,david.brown@example.com,Presencial,No
7788-5432-1987-1122,180.15,Spain,13:42:59,2023-07-18,Aceptada,Laura Martinez,Madrid,Spanish Co.,No,Online,laura.martinez@example.com,Online,No
1122-3344-5566-7788,750.00,USA,10:05:27,2023-07-16,Aceptada,James Johnson,Los Angeles,USA Ltd.,No,Presencial,james.johnson@example.com,Presencial,Sí
3399-8877-2211-5544,480.90,Italy,20:19:33,2023-07-20,Aceptada,Marco Rossi,Rome,Italian Co.,Sí,Ambas,marco.rossi@example.com,Online,No
7766-3322-8899-1122,65.00,USA,9:50:14,2023-07-19,Rechazada,Sarah Johnson,New York,ABC Inc.,Sí,Online,sarah.johnson@example.com,Online,No
4488-6655-9988-2211,320.40,Canada,14:12:08,2023-07-15,Aceptada,Michael Brown,Toronto,XYZ Corp.,No,Presencial,michael.brown@example.com,Presencial,No
9900-1234-5678-7890,800.00,USA,12:40:59,2023-07-13,Aceptada,Jessica Lee,Chicago,USA Ltd.,No,Online,jessica.lee@example.com,Online,No
7744-3210-5566-9900,150.75,Australia,22:07:22,2023-07-17,Rechazada,Ryan Smith,Sydney,Aus Co.,No,Presencial,ryan.smith@example.com,Presencial,No
6677-9900-1122-3344,620.10,Japan,10:30:05,2023-07-14,Aceptada,Yuki Tanaka,Tokyo,Japanese Co.,Sí,Ambas,yuki.tanaka@example.com,Presencial,Sí
2211-4433-5566-7788,235.50,USA,17:25:30,2023-07-18,Aceptada,Karen Johnson,Los Angeles,USA Ltd.,No,Presencial,karen.johnson@example.com,Presencial,No
9988-1122-3344-5566,420.00,Canada,8:55:11,2023-07-20,Aceptada,William Davis,Vancouver,Canadian Co.,No,Online,william.davis@example.com,Online,No
2233-8899-4455-6677,180.50,Germany,13:15:30,2023-07-21,Aceptada,Klaus Schmidt,Berlin,Global Corp.,Sí,Presencial,klaus.schmidt@example.com,Presencial,No
6655-3344-7788-9900,500.20,France,16:40:18,2023-07-22,Rechazada,Isabelle Dupont,Paris,French Co.,No,Online,isabelle.dupont@example.com,Online,No
4455-1122-7788-3344,320.00,USA,11:25:47,2023-07-23,Aceptada,Michael Johnson,New York,ABC Inc.,Sí,Online,michael.johnson@example.com,Online,No
6677-9900-2233-8899,900.75,Canada,19:18:51,2023-07-24,Rechazada,Samantha Brown,Toronto,XYZ Corp.,No,Presencial,samantha.brown@example.com,Presencial,No
2233-4455-6677-8899,420.30,Mexico,9:50:02,2023-07-25,Aceptada,Luis Hernandez,Mexico City,Mex Co.,No,Online,luis.hernandez@example.com,Online,No
8899-6677-4455-2233,1500.00,Brazil,14:32:10,2023-07-26,Aceptada,Rafael Silva,Rio de Janeiro,Brazilian Co.,No,Presencial,rafael.silva@example.com,Presencial,Sí
7788-2211-6677-3344,65.80,USA,8:05:37,2023-07-27,Aceptada,Jennifer Lee,San Francisco,USA Inc.,Sí,Ambas,jennifer.lee@example.com,Presencial,Sí
1122-8899-5566-3344,120.00,UK,18:45:19,2023-07-28,Rechazada,Daniel Scott,London,UK Corp.,No,Online,daniel.scott@example.com,Online,No
9900-5566-2233-7788,800.25,Spain,12:12:06,2023-07-29,Aceptada,Carmen Rodriguez,Madrid,Spanish Co.,No,Presencial,carmen.rodriguez@example.com,Presencial,No
6677-3344-7788-9900,250.00,USA,21:30:40,2023-07-30,Rechazada,Jessica Johnson,Los Angeles,USA Ltd.,No,Online,jessica.johnson@example.com,Online,No
1122-3344-5566-7788,390.80,Italy,9:55:27,2023-07-31,Aceptada,Paolo Rossi,Rome,Italian Co.,Sí,Ambas,paolo.rossi@example.com,Online,No
2211-3344-6677-8899,95.00,USA,15:20:14,2023-08-01,Aceptada,Emily Johnson,Chicago,USA Ltd.,No,Presencial,emily.johnson@example.com,Presencial,Sí
7788-6677-2233-1122,320.90,Canada,12:40:29,2023-08-02,Aceptada,Christopher Brown,Vancouver,Canadian Co.,No,Online,christopher.brown@example.com,Online,No
8899-1122-6677-3344,650.00,USA,19:03:50,2023-08-03,Rechazada,Michelle White,San Francisco,USA Inc.,Sí,Online,michelle.white@example.com,Online,No
5566-6677-3344-9900,105.15,Australia,10:10:11,2023-08-04,Aceptada,Benjamin Smith,Sydney,Aus Co.,No,Presencial,benjamin.smith@example.com,Presencial,No
6677-1122-8899-3344,720.00,Japan,16:58:22,2023-08-05,Aceptada,Akihiro Tanaka,Tokyo,Japanese Co.,Sí,Ambas,akihiro.tanaka@example.com,Online,No
2211-3344-6677-8899,205.50,USA,11:22:36,2023-08-06,Rechazada,Steven Johnson,Los Angeles,USA Ltd.,No,Presencial,steven.johnson@example.com,Presencial,No
1122-3344-5566-7788,240.00,USA,18:05:19,2023-08-07,Aceptada,James Johnson,Los Angeles,USA Ltd.,No,Presencial,james.johnson@example.com,Presencial,No
6677-8899-2233-4455,380.30,Canada,10:40:14,2023-08-08,Aceptada,Amanda Brown,Toronto,XYZ Corp.,No,Online,amanda.brown@example.com,Online,No
1122-3344-5566-7788,120.25,USA,15:10:02,2023-08-09,Aceptada,James Johnson,Los Angeles,USA Ltd.,No,Presencial,james.johnson@example.com,Presencial,No
6677-5566-8899-2233,780.90,Germany,13:30:50,2023-08-10,Aceptada,Petra Schneider,Berlin,Global Corp.,Sí,Online,petra.schneider@example.com,Online,No
3344-8899-6677-1122,530.25,France,16:20:18,2023-08-11,Rechazada,Laurent Dupont,Paris,French Co.,No,Presencial,laurent.dupont@example.com,Presencial,No
4455-7788-6677-2233,410.00,USA,11:45:47,2023-08-12,Aceptada,Laura Johnson,New York,ABC Inc.,Sí,Online,laura.johnson@example.com,Online,No
5566-6677-1122-8899,700.75,Canada,19:08:21,2023-08-13,Rechazada,Robert Brown,Toronto,XYZ Corp.,No,Presencial,robert.brown@example.com,Presencial,No
7788-2233-8899-4455,480.30,Mexico,9:35:02,2023-08-14,Aceptada,Maria Ramirez,Mexico City,Mex Co.,No,Online,maria.ramirez@example.com,Online,No
6677-7788-4455-2233,1350.00,Brazil,14:50:10,2023-08-15,Aceptada,Gabriela Santos,Rio de Janeiro,Brazilian Co.,No,Presencial,gabriela.santos@example.com,Presencial,Sí
1122-6677-5566-3344,45.80,USA,8:25:27,2023-08-16,Aceptada,Daniel Lee,San Francisco,USA Inc.,Sí,Ambas,daniel.lee@example.com,Presencial,Sí
8899-1122-3344-6677,130.50,UK,18:55:19,2023-08-17,Rechazada,Sarah Johnson,London,UK Corp.,No,Online,sarah.johnson@example.com,Online,No
6677-8899-2233-4455,980.25,Spain,12:22:06,2023-08-18,Aceptada,Javier Martinez,Madrid,Spanish Co.,No,Presencial,javier.martinez@example.com,Presencial,No
2233-6677-4455-8899,280.00,USA,21:20:45,2023-08-19,Rechazada,Jessica Johnson,Los Angeles,USA Ltd.,No,Online,jessica.johnson@example.com,Online,No
4455-8899-1122-2233,390.80,Italy,9:45:57,2023-08-20,Aceptada,Marco Bianchi,Rome,Italian Co.,Sí,Ambas,marco.bianchi@example.com,Online,No
6677-1122-8899-3344,95.00,USA,15:05:34,2023-08-21,Aceptada,Emily Johnson,Chicago,USA Ltd.,No,Presencial,emily.johnson@example.com,Presencial,No
8899-7788-3344-5566,420.90,Canada,12:35:39,2023-08-22,Aceptada,Andrew Brown,Vancouver,Canadian Co.,No,Online,andrew.brown@example.com,Online,No
5566-6677-3344-9900,650.00,USA,19:07:50,2023-08-23,Rechazada,Michelle White,San Francisco,USA Inc.,Sí,Online,michelle.white@example.com,Online,No
7788-3344-2233-6677,810.90,Germany,13:40:30,2023-09-21,Aceptada,Anna Müller,Berlin,Global Corp.,Sí,Online,anna.muller@example.com,Online,No
6677-8899-2233-5566,580.25,France,16:25:18,2023-09-22,Rechazada,Marie Leclerc,Paris,French Co.,No,Presencial,marie.leclerc@example.com,Presencial,No
2233-6677-3344-5566,460.00,USA,11:50:47,2023-09-23,Aceptada,John Johnson,New York,ABC Inc.,Sí,Online,john.johnson@example.com,Online,No
8899-5566-6677-7788,850.75,Canada,19:30:21,2023-09-24,Rechazada,David Brown,Toronto,XYZ Corp.,No,Presencial,david.brown@example.com,Presencial,No
3344-8899-6677-2233,390.30,Mexico,9:28:02,2023-09-25,Aceptada,Carlos Hernandez,Mexico City,Mex Co.,No,Online,carlos.hernandez@example.com,Online,No
7788-6677-8899-5566,1350.00,Brazil,14:40:10,2023-09-26,Aceptada,Luiz Santos,Rio de Janeiro,Brazilian Co.,No,Presencial,luiz.santos@example.com,Presencial,Sí
8899-2233-6677-3344,65.80,USA,8:15:27,2023-09-27,Aceptada,Emily Lee,San Francisco,USA Inc.,Sí,Ambas,emily.lee@example.com,Presencial,Sí
6677-7788-8899-5566,150.50,UK,18:45:19,2023-09-28,Rechazada,Michael Johnson,London,UK Corp.,No,Online,michael.johnson@example.com,Online,No
2233-6677-5566-8899,970.25,Spain,12:11:06,2023-09-29,Aceptada,Sofia Ramirez,Madrid,Spanish Co.,No,Presencial,sofia.ramirez@example.com,Presencial,No
7788-8899-6677-3344,280.00,USA,21:50:45,2023-09-30,Rechazada,Jessica Johnson,Los Angeles,USA Ltd.,No,Online,jessica.johnson@example.com,Online,No
5566-6677-8899-2233,410.80,Italy,9:45:57,2023-10-01,Aceptada,Alessandra Bianchi,Rome,Italian Co.,Sí,Ambas,alessandra.bianchi@example.com,Online,No
6677-2233-7788-8899,85.00,USA,15:02:34,2023-10-02,Aceptada,Emily Johnson,Chicago,USA Ltd.,No,Presencial,emily.johnson@example.com,Presencial,No
3344-7788-8899-5566,420.90,Canada,12:30:39,2023-10-03,Aceptada,Olivia Brown,Vancouver,Canadian Co.,No,Online,olivia.brown@example.com,Online,No
6677-3344-5566-8899,650.00,USA,19:30:50,2023-10-04,Rechazada,William White,San Francisco,USA Inc.,Sí,Online,william.white@example.com,Online,No
7788-8899-5566-2233,105.15,Australia,10:10:01,2023-10-05,Aceptada,Jessica Smith,Sydney,Aus Co.,No,Presencial,jessica.smith@example.com,Presencial,No
2233-6677-7788-4455,725.00,Japan,16:45:32,2023-10-06,Aceptada,Takahiro Tanaka,Tokyo,Japanese Co.,Sí,Ambas,takahiro.tanaka@example.com,Online,No
6677-7788-2233-8899,305.50,USA,11:40:56,2023-10-07,Rechazada,Steven Johnson,Los Angeles,USA Ltd.,No,Presencial,steven.johnson@example.com,Presencial,No
8899-6677-4455-1122,250.00,Canada,18:25:19,2023-10-08,Aceptada,Amanda Brown,Toronto,XYZ Corp.,No,Online,amanda.brown@example.com,Online,No
2233-6677-3344-5566,450.30,USA,10:58:04,2023-10-09,Aceptada,James Johnson,Los Angeles,USA Ltd.,No,Presencial,james.johnson@example.com,Presencial,No
7788-3344-8899-1122,390.60,Canada,16:30:12,2023-10-10,Aceptada,Alexander Smith,Vancouver,Canadian Co.,No,Online,alexander.smith@example.com,Online,No
6677-8899-6677-5566,115.25,USA,15:19:02,2023-10-11,Aceptada,James Johnson,Los Angeles,USA Ltd.,No,Presencial,james.johnson@example.com,Presencial,No
7788-8899-6677-2233,430.90,Germany,13:48:30,2023-10-12,Aceptada,Petra Müller,Berlin,Global Corp.,Sí,Online,petra.muller@example.com,Online,No
8899-2233-7788-6677,680.25,France,16:22:18,2023-10-13,Rechazada,Pierre Dupont,Paris,French Co.,No,Presencial,pierre.dupont@example.com,Presencial,No
3344-7788-8899-2233,450.00,USA,11:55:47,2023-10-14,Aceptada,John Johnson,New York,ABC Inc.,Sí,Online,john.johnson@example.com,Online,No
6677-5566-2233-8899,750.75,Canada,19:40:21,2023-10-15,Rechazada,David Brown,Toronto,XYZ Corp.,No,Presencial,david.brown@example.com,Presencial,No
8899-7788-3344-6677,390.30,Mexico,9:33:02,2023-10-16,Aceptada,Carlos Hernandez,Mexico City,Mex Co.,No,Online,carlos.hernandez@example.com,Online,No
6677-7788-5566-8899,1150.00,Brazil,14:38:10,2023-10-17,Aceptada,Luiz Santos,Rio de Janeiro,Brazilian Co.,No,Presencial,luiz.santos@example.com,Presencial,Sí
8899-5566-6677-2233,75.80,USA,8:12:27,2023-10-18,Aceptada,Emily Lee,San Francisco,USA Inc.,Sí,Ambas,emily.lee@example.com,Presencial,Sí
5566-6677-7788-3344,130.50,UK,18:52:19,2023-10-19,Rechazada,Michael Johnson,London,UK Corp.,No,Online,michael.johnson@example.com,Online,No
6677-7788-2233-8899,980.25,Spain,12:08:06,2023-10-20,Aceptada,Sofia Ramirez,Madrid,Spanish Co.,No,Presencial,sofia.ramirez@example.com,Presencial,No
7788-8899-6677-3344,250.00,USA,21:55:45,2023-10-21,Rechazada,Jessica Johnson,Los Angeles,USA Ltd.,No,Online,jessica.johnson@example.com,Online,No
8899-6677-5566-1122,410.80,Italy,9:49:57,2023-10-22,Aceptada,Alessandra Bianchi,Rome,Italian Co.,Sí,Ambas,alessandra.bianchi@example.com,Online,No
6677-5566-7788-8899,85.00,USA,15:01:34,2023-10-23,Aceptada,Emily Johnson,Chicago,USA Ltd.,No,Presencial,emily.johnson@example.com,Presencial,No
7788-8899-3344-6677,420.90,Canada,12:20:39,2023-10-24,Aceptada,Olivia Brown,Vancouver,Canadian Co.,No,Online,olivia.brown@example.com,Online,No
5566-6677-8899-2233,650.00,USA,19:35:50,2023-10-25,Rechazada,William White,San Francisco,USA Inc.,Sí,Online,william.white@example.com,Online,No
6677-8899-5566-2233,105.15,Australia,10:08:01,2023-10-26,Aceptada,Jessica Smith,Sydney,Aus Co.,No,Presencial,jessica.smith@example.com,Presencial,No
7788-2233-6677-4455,725.00,Japan,16:42:32,2023-10-27,Aceptada,Takahiro Tanaka,Tokyo,Japanese Co.,Sí,Ambas,takahiro.tanaka@example.com,Online,No
5566-8899-3344-6677,305.50,USA,11:32:56,2023-10-28,Rechazada,Steven Johnson,Los Angeles,USA Ltd.,No,Presencial,steven.johnson@example.com,Presencial,No
6677-7788-4455-1122,250.00,Canada,18:28:19,2023-10-29,Aceptada,Amanda Brown,Toronto,XYZ Corp.,No,Online,amanda.brown@example.com,Online,No
8899-6677-2233-7788,450.30,USA,10:55:04,2023-10-30,Aceptada,James Johnson,Los Angeles,USA Ltd.,No,Presencial,james.johnson@example.com,Presencial,No
7788-3344-5566-6677,390.60,Canada,16:28:12,2023-10-31,Aceptada,Alexander Smith,Vancouver,Canadian Co.,No,Online,alexander.smith@example.com,Online,No
6677-2233-7788-8899,115.25,USA,15:17:02,2023-11-01,Aceptada,James Johnson,Los Angeles,USA Ltd.,No,Presencial,james.johnson@example.com,Presencial,No
6677-7788-8899-3344,600.90,Germany,13:50:30,2023-11-02,Aceptada,Petra Müller,Berlin,Global Corp.,Sí,Online,petra.muller@example.com,Online,No
7788-5566-8899-6677,590.25,France,16:28:18,2023-11-03,Rechazada,Pierre Dupont,Paris,French Co.,No,Presencial,pierre.dupont@example.com,Presencial,No
8899-6677-7788-5566,460.00,USA,11:53:47,2023-11-04,Aceptada,John Johnson,New York,ABC Inc.,Sí,Online,john.johnson@example.com,Online,No
2233-8899-6677-7788,790.75,Canada,19:32:21,2023-11-05,Rechazada,David Brown,Toronto,XYZ Corp.,No,Presencial,david.brown@example.com,Presencial,No
3344-6677-8899-2233,390.30,Mexico,9:30:02,2023-11-06,Aceptada,Carlos Hernandez,Mexico City,Mex Co.,No,Online,carlos.hernandez@example.com,Online,No
6677-8899-2233-7788,1250.00,Brazil,14:35:10,2023-11-07,Aceptada,Luiz Santos,Rio de Janeiro,Brazilian Co.,No,Presencial,luiz.santos@example.com,Presencial,Sí
8899-2233-7788-6677,65.80,USA,8:10:27,2023-11-08,Aceptada,Emily Lee,San Francisco,USA Inc.,Sí,Ambas,emily.lee@example.com,Presencial,Sí
6677-5566-7788-8899,130.50,UK,18:50:19,2023-11-09,Rechazada,Michael Johnson,London,UK Corp.,No,Online,michael.johnson@example.com,Online,No
5566-8899-2233-6677,910.25,Spain,12:05:06,2023-11-10,Aceptada,Sofia Ramirez,Madrid,Spanish Co.,No,Presencial,sofia.ramirez@example.com,Presencial,No
7788-6677-4455-2233,285.50,USA,21:52:45,2023-11-11,Rechazada,Jessica Johnson,Los Angeles,USA Ltd.,No,Online,jessica.johnson@example.com,Online,No
6677-3344-7788-5566,410.80,Italy,9:41:57,2023-11-12,Aceptada,Alessandra Bianchi,Rome,Italian Co.,Sí,Ambas,alessandra.bianchi@example.com,Online,No
5566-6677-7788-3344,75.00,USA,15:15:34,2023-11-13,Aceptada,Emily Johnson,Chicago,USA Ltd.,No,Presencial,emily.johnson@example.com,Presencial,No
7788-2233-6677-8899,420.90,Canada,12:26:39,2023-11-14,Aceptada,Olivia Brown,Vancouver,Canadian Co.,No,Online,olivia.brown@example.com,Online,No
8899-7788-6677-3344,620.00,USA,19:38:50,2023-11-15,Rechazada,William White,San Francisco,USA Inc.,Sí,Online,william.white@example.com,Online,No
3344-5566-6677-8899,105.15,Australia,10:05:01,2023-11-16,Aceptada,Jessica Smith,Sydney,Aus Co.,No,Presencial,jessica.smith@example.com,Presencial,No
6677-7788-3344-2233,725.00,Japan,16:40:32,2023-11-17,Aceptada,Takahiro Tanaka,Tokyo,Japanese Co.,Sí,Ambas,takahiro.tanaka@example.com,Online,No
7788-8899-2233-6677,315.50,USA,11:35:56,2023-11-18,Rechazada,Steven Johnson,Los Angeles,USA Ltd.,No,Presencial,steven.johnson@example.com,Presencial,No
8899-2233-6677-5566,250.00,Canada,18:23:19,2023-11-19,Aceptada,Amanda Brown,Toronto,XYZ Corp.,No,Online,amanda.brown@example.com,Online,No
6677-5566-3344-8899,420.30,USA,10:52:04,2023-11-20,Aceptada,James Johnson,Los Angeles,USA Ltd.,No,Presencial,james.johnson@example.com,Presencial,No
5566-7788-8899-3344,390.60,Canada,16:27:12,2023-11-21,Aceptada,Alexander Smith,Vancouver,Canadian Co.,No,Online,alexander.smith@example.com,Online,No
7788-6677-2233-4455,95.25,USA,15:12:02,2023-11-22,Aceptada,James Johnson,Los Angeles,USA Ltd.,No,Presencial,james.johnson@example.com,Presencial,No
6677-3344-2233-8899,810.90,Germany,13:55:30,2023-11-23,Aceptada,Anna Fischer,Berlin,Global Corp.,Sí,Online,anna.fischer@example.com,Online,No
7788-2233-6677-4455,680.25,France,16:18:18,2023-11-24,Rechazada,Mathieu Dupont,Paris,French Co.,No,Presencial,mathieu.dupont@example.com,Presencial,No
5566-6677-8899-2233,450.00,USA,11:40:47,2023-11-25,Aceptada,John Johnson,New York,ABC Inc.,Sí,Online,john.johnson@example.com,Online,No
8899-7788-6677-3344,800.75,Canada,19:05:21,2023-11-26,Rechazada,Elizabeth Brown,Toronto,XYZ Corp.,No,Presencial,elizabeth.brown@example.com,Presencial,No
7788-4455-6677-2233,390.30,Mexico,9:30:02,2023-11-27,Aceptada,Carlos Hernandez,Mexico City,Mex Co.,No,Online,carlos.hernandez@example.com,Online,No
6677-8899-2233-3344,1350.00,Brazil,14:55:10,2023-11-28,Aceptada,Luiz Santos,Rio de Janeiro,Brazilian Co.,No,Presencial,luiz.santos@example.com,Presencial,Sí
8899-2233-5566-1122,65.80,USA,8:18:27,2023-11-29,Aceptada,Emily Lee,San Francisco,USA Inc.,Sí,Ambas,emily.lee@example.com,Presencial,Sí
6677-8899-5566-2233,130.50,UK,18:35:19,2023-11-30,Rechazada,Michael Johnson,London,UK Corp.,No,Online,michael.johnson@example.com,Online,No
8899-2233-6677-3344,930.25,Spain,12:12:06,2023-12-01,Aceptada,Sofia Ramirez,Madrid,Spanish Co.,No,Presencial,sofia.ramirez@example.com,Presencial,No
6677-8899-2233-4455,280.00,USA,21:15:45,2023-12-02,Rechazada,Jessica Johnson,Los Angeles,USA Ltd.,No,Online,jessica.johnson@example.com,Online,No
5566-3344-8899-9900,410.80,Italy,9:40:57,2023-12-03,Aceptada,Alessandro Bianchi,Rome,Italian Co.,Sí,Ambas,alessandro.bianchi@example.com,Online,No
6677-7788-3344-9900,95.00,USA,15:07:34,2023-12-04,Aceptada,Emily Johnson,Chicago,USA Ltd.,No,Presencial,emily.johnson@example.com,Presencial,No
7788-6677-5566-1122,420.90,Canada,12:25:39,2023-12-05,Aceptada,Olivia Brown,Vancouver,Canadian Co.,No,Online,olivia.brown@example.com,Online,No
6677-5566-7788-9900,650.00,USA,19:30:50,2023-12-06,Rechazada,William White,San Francisco,USA Inc.,Sí,Online,william.white@example.com,Online,No
8899-1122-2233-3344,105.15,Australia,10:15:01,2023-12-07,Aceptada,Jessica Smith,Sydney,Aus Co.,No,Presencial,jessica.smith@example.com,Presencial,No
5566-7788-8899-6677,725.00,Japan,16:55:32,2023-12-08,Aceptada,Takahiro Tanaka,Tokyo,Japanese Co.,Sí,Ambas,takahiro.tanaka@example.com,Online,No
7788-2233-6677-4455,305.50,USA,11:45:56,2023-12-09,Rechazada,Steven Johnson,Los Angeles,USA Ltd.,No,Presencial,steven.johnson@example.com,Presencial,No
6677-7788-4455-2233,250.00,Canada,18:20:19,2023-12-10,Aceptada,Amanda Brown,Toronto,XYZ Corp.,No,Online,amanda.brown@example.com,Online,No
3344-8899-6677-1122,450.30,USA,10:52:04,2023-12-11,Aceptada,James Johnson,Los Angeles,USA Ltd.,No,Presencial,james.johnson@example.com,Presencial,No
6677-5566-8899-2233,390.60,Canada,16:15:12,2023-12-12,Aceptada,Alexander Smith,Vancouver,Canadian Co.,No,Online,alexander.smith@example.com,Online,No
7788-8899-3344-1122,115.25,USA,15:20:02,2023-12-13,Aceptada,James Johnson,Los Angeles,USA Ltd.,No,Presencial,james.johnson@example.com,Presencial,No
6677-7788-8899-9900,610.90,Germany,13:51:30,2023-12-14,Aceptada,Petra Müller,Berlin,Global Corp.,Sí,Online,petra.muller@example.com,Online,No
7788-8899-6677-2233,580.25,France,16:23:18,2023-12-15,Rechazada,Pierre Dupont,Paris,French Co.,No,Presencial,pierre.dupont@example.com,Presencial,No
2233-6677-8899-9900,470.00,USA,11:57:47,2023-12-16,Aceptada,John Johnson,New York,ABC Inc.,Sí,Online,john.johnson@example.com,Online,No
8899-6677-7788-5566,850.75,Canada,19:28:21,2023-12-17,Rechazada,Elizabeth Brown,Toronto,XYZ Corp.,No,Presencial,elizabeth.brown@example.com,Presencial,No
3344-7788-8899-9900,390.30,Mexico,9:35:02,2023-12-18,Aceptada,Carlos Hernandez,Mexico City,Mex Co.,No,Online,carlos.hernandez@example.com,Online,No
6677-8899-2233-5566,1450.00,Brazil,14:40:10,2023-12-19,Aceptada,Luiz Santos,Rio de Janeiro,Brazilian Co.,No,Presencial,luiz.santos@example.com,Presencial,Sí
8899-2233-6677-9900,65.80,USA,8:17:27,2023-12-20,Aceptada,Emily Lee,San Francisco,USA Inc.,Sí,Ambas,emily.lee@example.com,Presencial,Sí
6677-7788-5566-1122,150.50,UK,18:48:19,2023-12-21,Rechazada,Michael Johnson,London,UK Corp.,No,Online,michael.johnson@example.com,Online,No
2233-6677-8899-2233,970.25,Spain,12:09:06,2023-12-22,Aceptada,Sofia Ramirez,Madrid,Spanish Co.,No,Presencial,sofia.ramirez@example.com,Presencial,No
7788-8899-6677-4455,280.00,USA,21:48:45,2023-12-23,Rechazada,Jessica Johnson,Los Angeles,USA Ltd.,No,Online,jessica.johnson@example.com,Online,No
6677-3344-8899-1122,410.80,Italy,9:39:57,2023-12-24,Aceptada,Alessandra Bianchi,Rome,Italian Co.,Sí,Ambas,alessandra.bianchi@example.com,Online,No
7788-6677-5566-4455,95.00,USA,15:05:34,2023-12-25,Aceptada,Emily Johnson,Chicago,USA Ltd.,No,Presencial,emily.johnson@example.com,Presencial,No
6677-2233-7788-1122,420.90,Canada,12:22:39,2023-12-26,Aceptada,Olivia Brown,Vancouver,Canadian Co.,No,Online,olivia.brown@example.com,Online,No
7788-6677-8899-9900,650.00,USA,19:32:50,2023-12-27,Rechazada,William White,San Francisco,USA Inc.,Sí,Online,william.white@example.com,Online,No
8899-5566-6677-9900,105.15,Australia,10:20:01,2023-12-28,Aceptada,Jessica Smith,Sydney,Aus Co.,No,Presencial,jessica.smith@example.com,Presencial,No
5566-7788-3344-1122,725.00,Japan,16:58:32,2023-12-29,Aceptada,Takahiro Tanaka,Tokyo,Japanese Co.,Sí,Ambas,takahiro.tanaka@example.com,Online,No
6677-8899-3344-4455,305.50,USA,11:42:56,2023-12-30,Rechazada,Steven Johnson,Los Angeles,USA Ltd.,No,Presencial,steven.johnson@example.com,Presencial,No
7788-3344-5566-9900,250.00,Canada,18:22:19,2023-12-31,Aceptada,Amanda Brown,Toronto,XYZ Corp.,No,Online,amanda.brown@example.com,Online,No
6677-7788-2233-2233,450.30,USA,10:49:04,2024-01-01,Aceptada,James Johnson,Los Angeles,USA Ltd.,No,Presencial,james.johnson@example.com,Presencial,No
8899-2233-6677-3344,390.60,Canada,16:18:12,2024-01-02,Aceptada,Alexander Smith,Vancouver,Canadian Co.,No,Online,alexander.smith@example.com,Online,No
7788-6677-2233-4455,115.25,USA,15:22:02,2024-01-03,Aceptada,James Johnson,Los Angeles,USA Ltd.,No,Presencial,james.johnson@example.com,Presencial,No
8899-3344-2233-6677,910.90,Germany,13:35:30,2024-01-25,Aceptada,Petra Müller,Berlin,Global Corp.,Sí,Online,petra.muller@example.com,Online,No
6677-7788-8899-5566,580.25,France,16:32:18,2024-01-26,Rechazada,Pierre Dupont,Paris,French Co.,No,Presencial,pierre.dupont@example.com,Presencial,No
7788-5566-6677-4455,475.00,USA,11:54:47,2024-01-27,Aceptada,John Johnson,New York,ABC Inc.,Sí,Online,john.johnson@example.com,Online,No
2233-8899-6677-7788,790.75,Canada,19:20:21,2024-01-28,Rechazada,Elizabeth Brown,Toronto,XYZ Corp.,No,Presencial,elizabeth.brown@example.com,Presencial,No
3344-6677-7788-5566,410.30,Mexico,9:32:02,2024-01-29,Aceptada,Carlos Hernandez,Mexico City,Mex Co.,No,Online,carlos.hernandez@example.com,Online,No
6677-8899-2233-4455,1250.00,Brazil,14:52:10,2024-01-30,Aceptada,Luiz Santos,Rio de Janeiro,Brazilian Co.,No,Presencial,luiz.santos@example.com,Presencial,Sí
8899-2233-7788-6677,65.80,USA,8:15:27,2024-01-31,Aceptada,Emily Lee,San Francisco,USA Inc.,Sí,Ambas,emily.lee@example.com,Presencial,Sí
6677-5566-7788-9900,130.50,UK,18:45:19,2024-02-01,Rechazada,Michael Johnson,London,UK Corp.,No,Online,michael.johnson@example.com,Online,No
5566-8899-2233-4455,930.25,Spain,12:08:06,2024-02-02,Aceptada,Sofia Ramirez,Madrid,Spanish Co.,No,Presencial,sofia.ramirez@example.com,Presencial,No
7788-6677-4455-2233,280.00,USA,21:47:45,2024-02-03,Rechazada,Jessica Johnson,Los Angeles,USA Ltd.,No,Online,jessica.johnson@example.com,Online,No
6677-3344-7788-8899,410.80,Italy,9:29:57,2024-02-04,Aceptada,Alessandra Bianchi,Rome,Italian Co.,Sí,Ambas,alessandra.bianchi@example.com,Online,No
5566-6677-7788-3344,85.00,USA,15:15:34,2024-02-05,Aceptada,Emily Johnson,Chicago,USA Ltd.,No,Presencial,emily.johnson@example.com,Presencial,No
7788-2233-6677-8899,420.90,Canada,12:24:39,2024-02-06,Aceptada,Olivia Brown,Vancouver,Canadian Co.,No,Online,olivia.brown@example.com,Online,No
8899-7788-6677-3344,620.00,USA,19:33:50,2024-02-07,Rechazada,William White,San Francisco,USA Inc.,Sí,Online,william.white@example.com,Online,No
3344-5566-6677-8899,110.15,Australia,10:17:01,2024-02-08,Aceptada,Jessica Smith,Sydney,Aus Co.,No,Presencial,jessica.smith@example.com,Presencial,No
6677-7788-3344-2233,725.00,Japan,16:53:32,2024-02-09,Aceptada,Takahiro Tanaka,Tokyo,Japanese Co.,Sí,Ambas,takahiro.tanaka@example.com,Online,No
7788-8899-2233-6677,315.50,USA,11:33:56,2024-02-10,Rechazada,Steven Johnson,Los Angeles,USA Ltd.,No,Presencial,steven.johnson@example.com,Presencial,No
8899-2233-6677-5566,250.00,Canada,18:25:19,2024-02-11,Aceptada,Amanda Brown,Toronto,XYZ Corp.,No,Online,amanda.brown@example.com,Online,No
6677-5566-3344-8899,420.30,USA,10:58:04,2024-02-12,Aceptada,James Johnson,Los Angeles,USA Ltd.,No,Presencial,james.johnson@example.com,Presencial,No
5566-7788-8899-3344,390.60,Canada,16:20:12,2024-02-13,Aceptada,Alexander Smith,Vancouver,Canadian Co.,No,Online,alexander.smith@example.com,Online,No
7788-6677-2233-4455,95.25,USA,15:10:02,2024-02-14,Aceptada,James Johnson,Los Angeles,USA Ltd.,No,Presencial,james.johnson@example.com,Presencial,No
8899-6677-2233-5566,910.90,Germany,13:39:30,2024-02-15,Aceptada,Petra Müller,Berlin,Global Corp.,Sí,Online,petra.muller@example.com,Online,No
6677-8899-2233-7788,680.25,France,16:30:18,2024-02-16,Rechazada,Pierre Dupont,Paris,French Co.,No,Presencial,pierre.dupont@example.com,Presencial,No
7788-6677-5566-2233,490.00,USA,11:59:47,2024-02-17,Aceptada,John Johnson,New York,ABC Inc.,Sí,Online,john.johnson@example.com,Online,No
5566-3344-8899-6677,850.75,Canada,19:21:21,2024-02-18,Rechazada,Elizabeth Brown,Toronto,XYZ Corp.,No,Presencial,elizabeth.brown@example.com,Presencial,No
8899-2233-6677-7788,390.30,Mexico,9:30:02,2024-02-19,Aceptada,Carlos Hernandez,Mexico City,Mex Co.,No,Online,carlos.hernandez@example.com,Online,No
6677-7788-8899-5566,1450.00,Brazil,14:50:10,2024-02-20,Aceptada,Luiz Santos,Rio de Janeiro,Brazilian Co.,No,Presencial,luiz.santos@example.com,Presencial,Sí
7788-2233-6677-9900,65.80,USA,8:15:27,2024-02-21,Aceptada,Emily Lee,San Francisco,USA Inc.,Sí,Ambas,emily.lee@example.com,Presencial,Sí
6677-8899-7788-2233,130.50,UK,18:45:19,2024-02-22,Rechazada,Michael Johnson,London,UK Corp.,No,Online,michael.johnson@example.com,Online,No
8899-3344-6677-9900,970.25,Spain,12:08:06,2024-02-23,Aceptada,Sofia Ramirez,Madrid,Spanish Co.,No,Presencial,sofia.ramirez@example.com,Presencial,No
6677-7788-2233-4455,280.00,USA,21:49:45,2024-02-24,Rechazada,Jessica Johnson,Los Angeles,USA Ltd.,No,Online,jessica.johnson@example.com,Online,No
7788-6677-3344-8899,410.80,Italy,9:30:57,2024-02-25,Aceptada,Alessandra Bianchi,Rome,Italian Co.,Sí,Ambas,alessandra.bianchi@example.com,Online,No
6677-3344-7788-9900,95.00,USA,15:10:34,2024-02-26,Aceptada,Emily Johnson,Chicago,USA Ltd.,No,Presencial,emily.johnson@example.com,Presencial,No
7788-8899-6677-2233,420.90,Canada,12:25:39,2024-02-27,Aceptada,Olivia Brown,Vancouver,Canadian Co.,No,Online,olivia.brown@example.com,Online,No
6677-7788-5566-3344,650.00,USA,19:33:50,2024-02-28,Rechazada,William White,San Francisco,USA Inc.,Sí,Online,william.white@example.com,Online,No
8899-6677-2233-4455,105.15,Australia,10:17:01,2024-02-29,Aceptada,Jessica Smith,Sydney,Aus Co.,No,Presencial,jessica.smith@example.com,Presencial,No
5566-6677-8899-9900,725.00,Japan,16:51:32,2024-03-01,Aceptada,Takahiro Tanaka,Tokyo,Japanese Co.,Sí,Ambas,takahiro.tanaka@example.com,Online,No
6677-3344-8899-2233,325.50,USA,11:41:56,2024-03-02,Rechazada,Steven Johnson,Los Angeles,USA Ltd.,No,Presencial,steven.johnson@example.com,Presencial,No
7788-6677-5566-4455,240.00,Canada,18:20:19,2024-03-03,Aceptada,Amanda Brown,Toronto,XYZ Corp.,No,Online,amanda.brown@example.com,Online,No
8899-2233-6677-9900,420.30,USA,10:59:04,2024-03-04,Aceptada,James Johnson,Los Angeles,USA Ltd.,No,Presencial,james.johnson@example.com,Presencial,No
6677-8899-3344-2233,390.60,Canada,16:15:12,2024-03-05,Aceptada,Alexander Smith,Vancouver,Canadian Co.,No,Online,alexander.smith@example.com,Online,No
7788-6677-2233-4455,135.25,USA,15:27:02,2024-03-06,Aceptada,James Johnson,Los Angeles,USA Ltd.,No,Presencial,james.johnson@example.com,Presencial,No
7788-3344-6677-9900,820.90,Germany,13:38:30,2024-03-07,Aceptada,Petra Müller,Berlin,Global Corp.,Sí,Online,petra.muller@example.com,Online,No
6677-8899-7788-4455,580.25,France,16:33:18,2024-03-08,Rechazada,Pierre Dupont,Paris,French Co.,No,Presencial,pierre.dupont@example.com,Presencial,No
8899-6677-3344-5566,500.00,USA,11:55:47,2024-03-09,Aceptada,John Johnson,New York,ABC Inc.,Sí,Online,john.johnson@example.com,Online,No
2233-6677-7788-8899,770.75,Canada,19:24:21,2024-03-10,Rechazada,Elizabeth Brown,Toronto,XYZ Corp.,No,Presencial,elizabeth.brown@example.com,Presencial,No
3344-7788-8899-2233,380.30,Mexico,9:31:02,2024-03-11,Aceptada,Carlos Hernandez,Mexico City,Mex Co.,No,Online,carlos.hernandez@example.com,Online,No
6677-8899-2233-6677,1320.00,Brazil,14:49:10,2024-03-12,Aceptada,Luiz Santos,Rio de Janeiro,Brazilian Co.,No,Presencial,luiz.santos@example.com,Presencial,Sí
7788-5566-6677-3344,65.80,USA,8:10:27,2024-03-13,Aceptada,Emily Lee,San Francisco,USA Inc.,Sí,Ambas,emily.lee@example.com,Presencial,Sí
6677-8899-7788-5566,150.50,UK,18:40:19,2024-03-14,Rechazada,Michael Johnson,London,UK Corp.,No,Online,michael.johnson@example.com,Online,No
8899-2233-6677-4455,920.25,Spain,12:07:06,2024-03-15,Aceptada,Sofia Ramirez,Madrid,Spanish Co.,No,Presencial,sofia.ramirez@example.com,Presencial,No
6677-7788-3344-5566,270.00,USA,21:55:45,2024-03-16,Rechazada,Jessica Johnson,Los Angeles,USA Ltd.,No,Online,jessica.johnson@example.com,Online,No
7788-3344-6677-8899,400.80,Italy,9:29:57,2024-03-17,Aceptada,Alessandra Bianchi,Rome,Italian Co.,Sí,Ambas,alessandra.bianchi@example.com,Online,No
6677-3344-7788-9900,95.50,USA,15:08:34,2024-03-18,Aceptada,Emily Johnson,Chicago,USA Ltd.,No,Presencial,emily.johnson@example.com,Presencial,No
7788-8899-6677-5566,420.90,Canada,12:22:39,2024-03-19,Aceptada,Olivia Brown,Vancouver,Canadian Co.,No,Online,olivia.brown@example.com,Online,No
6677-7788-5566-2233,680.00,USA,19:30:50,2024-03-20,Rechazada,William White,San Francisco,USA Inc.,Sí,Online,william.white@example.com,Online,No
8899-6677-2233-4455,115.15,Australia,10:15:01,2024-03-21,Aceptada,Jessica Smith,Sydney,Aus Co.,No,Presencial,jessica.smith@example.com,Presencial,No
6677-5566-7788-3344,735.00,Japan,16:50:32,2024-03-22,Aceptada,Takahiro Tanaka,Tokyo,Japanese Co.,Sí,Ambas,takahiro.tanaka@example.com,Online,No
7788-8899-6677-1122,315.50,USA,11:37:56,2024-03-23,Rechazada,Steven Johnson,Los Angeles,USA Ltd.,No,Presencial,steven.johnson@example.com,Presencial,No
6677-2233-3344-4455,240.00,Canada,18:20:19,2024-03-24,Aceptada,Amanda Brown,Toronto,XYZ Corp.,No,Online,amanda.brown@example.com,Online,No
8899-7788-6677-3344,430.30,USA,10:58:04,2024-03-25,Aceptada,James Johnson,Los Angeles,USA Ltd.,No,Presencial,james.johnson@example.com,Presencial,No
6677-8899-3344-6677,390.60,Canada,16:15:12,2024-03-26,Aceptada,Alexander Smith,Vancouver,Canadian Co.,No,Online,alexander.smith@example.com,Online,No
7788-6677-3344-4455,135.25,USA,15:27:02,2024-03-27,Aceptada,James Johnson,Los Angeles,USA Ltd.,No,Presencial,james.johnson@example.com,Presencial,No
8899-2233-7788-6677,910.90,Germany,13:32:30,2024-03-28,Aceptada,Petra Müller,Berlin,Global Corp.,Sí,Online,petra.muller@example.com,Online,No
6677-5566-7788-2233,580.25,France,16:35:18,2024-03-29,Rechazada,Pierre Dupont,Paris,French Co.,No,Presencial,pierre.dupont@example.com,Presencial,No
7788-8899-2233-6677,490.00,USA,11:51:47,2024-03-30,Aceptada,John Johnson,New York,ABC Inc.,Sí,Online,john.johnson@example.com,Online,No
5566-6677-7788-4455,790.75,Canada,19:28:21,2024-03-31,Rechazada,Elizabeth Brown,Toronto,XYZ Corp.,No,Presencial,elizabeth.brown@example.com,Presencial,No
6677-3344-5566-6677,390.30,Mexico,9:34:02,2024-04-01,Aceptada,Carlos Hernandez,Mexico City,Mex Co.,No,Online,carlos.hernandez@example.com,Online,No
7788-8899-5566-3344,1250.00,Brazil,14:55:10,2024-04-02,Aceptada,Luiz Santos,Rio de Janeiro,Brazilian Co.,No,Presencial,luiz.santos@example.com,Presencial,Sí
6677-7788-2233-5566,65.80,USA,8:12:27,2024-04-03,Aceptada,Emily Lee,San Francisco,USA Inc.,Sí,Ambas,emily.lee@example.com,Presencial,Sí
8899-5566-6677-9900,130.50,UK,18:42:19,2024-04-04,Rechazada,Michael Johnson,London,UK Corp.,No,Online,michael.johnson@example.com,Online,No
5566-7788-2233-6677,970.25,Spain,12:05:06,2024-04-05,Aceptada,Sofia Ramirez,Madrid,Spanish Co.,No,Presencial,sofia.ramirez@example.com,Presencial,No
6677-8899-6677-2233,280.00,USA,21:53:45,2024-04-06,Rechazada,Jessica Johnson,Los Angeles,USA Ltd.,No,Online,jessica.johnson@example.com,Online,No
7788-6677-8899-2233,410.80,Italy,9:27:57,2024-04-07,Aceptada,Alessandra Bianchi,Rome,Italian Co.,Sí,Ambas,alessandra.bianchi@example.com,Online,No
6677-8899-2233-4455,95.50,USA,15:09:34,2024-04-08,Aceptada,Emily Johnson,Chicago,USA Ltd.,No,Presencial,emily.johnson@example.com,Presencial,No
7788-3344-8899-6677,420.90,Canada,12:21:39,2024-04-09,Aceptada,Olivia Brown,Vancouver,Canadian Co.,No,Online,olivia.brown@example.com,Online,No
6677-7788-5566-1122,650.00,USA,19:31:50,2024-04-10,Rechazada,William White,San Francisco,USA Inc.,Sí,Online,william.white@example.com,Online,No
8899-6677-3344-9900,105.15,Australia,10:18:01,2024-04-11,Aceptada,Jessica Smith,Sydney,Aus Co.,No,Presencial,jessica.smith@example.com,Presencial,No
5566-8899-2233-4455,825.00,Japan,16:49:32,2024-04-12,Aceptada,Takahiro Tanaka,Tokyo,Japanese Co.,Sí,Ambas,takahiro.tanaka@example.com,Online,No
7788-6677-5566-1122,325.50,USA,11:36:56,2024-04-13,Rechazada,Steven Johnson,Los Angeles,USA Ltd.,No,Presencial,steven.johnson@example.com,Presencial,No
6677-2233-8899-6677,240.00,Canada,18:28:19,2024-04-14,Aceptada,Amanda Brown,Toronto,XYZ Corp.,No,Online,amanda.brown@example.com,Online,No
8899-7788-6677-2233,430.30,USA,10:56:04,2024-04-15,Aceptada,James Johnson,Los Angeles,USA Ltd.,No,Presencial,james.johnson@example.com,Presencial,No
6677-5566-7788-9900,390.60,Canada,16:14:12,2024-04-16,Aceptada,Alexander Smith,Vancouver,Canadian Co.,No,Online,alexander.smith@example.com,Online,No
7788-6677-2233-1122,135.25,USA,15:25:02,2024-04-17,Aceptada,James Johnson,Los Angeles,USA Ltd.,No,Presencial,james.johnson@example.com,Presencial,No
6677-8899-7788-1122,820.90,Germany,13:36:30,2024-04-18,Aceptada,Petra Müller,Berlin,Global Corp.,Sí,Online,petra.muller@example.com,Online,No
8899-5566-7788-3344,580.25,France,16:37:18,2024-04-19,Rechazada,Pierre Dupont,Paris,French Co.,No,Presencial,pierre.dupont@example.com,Presencial,No
7788-3344-6677-2233,490.00,USA,11:59:47,2024-04-20,Aceptada,John Johnson,New York,ABC Inc.,Sí,Online,john.johnson@example.com,Online,No
5566-7788-8899-6677,770.75,Canada,19:22:21,2024-04-21,Rechazada,Elizabeth Brown,Toronto,XYZ Corp.,No,Presencial,elizabeth.brown@example.com,Presencial,No
8899-7788-6677-4455,390.30,Mexico,9:35:02,2024-04-22,Aceptada,Carlos Hernandez,Mexico City,Mex Co.,No,Online,carlos.hernandez@example.com,Online,No
6677-5566-3344-9900,1150.00,Brazil,14:59:10,2024-04-23,Aceptada,Luiz Santos,Rio de Janeiro,Brazilian Co.,No,Presencial,luiz.santos@example.com,Presencial,Sí
7788-6677-5566-6677,65.80,USA,8:10:27,2024-04-24,Aceptada,Emily Lee,San Francisco,USA Inc.,Sí,Ambas,emily.lee@example.com,Presencial,Sí
6677-8899-3344-1122,130.50,UK,18:48:19,2024-04-25,Rechazada,Michael Johnson,London,UK Corp.,No,Online,michael.johnson@example.com,Online,No
8899-7788-6677-3344,940.25,Spain,12:03:06,2024-04-26,Aceptada,Sofia Ramirez,Madrid,Spanish Co.,No,Presencial,sofia.ramirez@example.com,Presencial,No
6677-3344-6677-5566,280.00,USA,21:50:45,2024-04-27,Rechazada,Jessica Johnson,Los Angeles,USA Ltd.,No,Online,jessica.johnson@example.com,Online,No
7788-8899-5566-2233,610.80,Italy,9:32:57,2024-04-28,Aceptada,Alessandra Bianchi,Rome,Italian Co.,Sí,Ambas,alessandra.bianchi@example.com,Online,No
6677-3344-8899-6677,105.50,USA,15:05:34,2024-04-29,Aceptada,Emily Johnson,Chicago,USA Ltd.,No,Presencial,emily.johnson@example.com,Presencial,No
7788-6677-2233-9900,420.90,Canada,12:20:39,2024-04-30,Aceptada,Olivia Brown,Vancouver,Canadian Co.,No,Online,olivia.brown@example.com,Online,No
6677-8899-2233-4455,675.00,USA,19:38:50,2024-05-01,Rechazada,William White,San Francisco,USA Inc.,Sí,Online,william.white@example.com,Online,No
5566-6677-7788-1122,125.15,Australia,10:13:01,2024-05-02,Aceptada,Jessica Smith,Sydney,Aus Co.,No,Presencial,jessica.smith@example.com,Presencial,No
8899-7788-3344-2233,715.00,Japan,16:48:32,2024-05-03,Aceptada,Takahiro Tanaka,Tokyo,Japanese Co.,Sí,Ambas,takahiro.tanaka@example.com,Online,No
6677-3344-7788-9900,225.50,USA,11:39:56,2024-05-04,Rechazada,Steven Johnson,Los Angeles,USA Ltd.,No,Presencial,steven.johnson@example.com,Presencial,No
7788-6677-8899-5566,220.90,Canada,18:28:19,2024-05-05,Aceptada,Amanda Brown,Toronto,XYZ Corp.,No,Online,amanda.brown@example.com,Online,No
6677-5566-2233-9900,450.30,USA,10:51:04,2024-05-06,Aceptada,James Johnson,Los Angeles,USA Ltd.,No,Presencial,james.johnson@example.com,Presencial,No
7788-6677-3344-2233,150.25,Canada,16:29:02,2024-05-07,Aceptada,Alexander Smith,Vancouver,Canadian Co.,No,Online,alexander.smith@example.com,Online,No
6677-8899-7788-4455,315.60,USA,15:20:12,2024-05-08,Aceptada,James Johnson,Los Angeles,USA Ltd.,No,Presencial,james.johnson@example.com,Presencial,No
7788-8899-6677-3344,860.90,Germany,13:40:30,2024-05-09,Aceptada,Petra Müller,Berlin,Global Corp.,Sí,Online,petra.muller@example.com,Online,No
6677-8899-5566-4455,580.25,France,16:36:18,2024-05-10,Rechazada,Pierre Dupont,Paris,French Co.,No,Presencial,pierre.dupont@example.com,Presencial,No
8899-6677-5566-2233,480.00,USA,11:57:47,2024-05-11,Aceptada,John Johnson,New York,ABC Inc.,Sí,Online,john.johnson@example.com,Online,No
5566-7788-8899-6677,740.75,Canada,19:20:21,2024-05-12,Rechazada,Elizabeth Brown,Toronto,XYZ Corp.,No,Presencial,elizabeth.brown@example.com,Presencial,No
6677-3344-7788-9900,350.30,Mexico,9:33:02,2024-05-13,Aceptada,Carlos Hernandez,Mexico City,Mex Co.,No,Online,carlos.hernandez@example.com,Online,No
7788-8899-6677-4455,1420.00,Brazil,14:54:10,2024-05-14,Aceptada,Luiz Santos,Rio de Janeiro,Brazilian Co.,No,Presencial,luiz.santos@example.com,Presencial,Sí
6677-7788-5566-2233,65.80,USA,8:13:27,2024-05-15,Aceptada,Emily Lee,San Francisco,USA Inc.,Sí,Ambas,emily.lee@example.com,Presencial,Sí
8899-6677-3344-4455,120.50,UK,18:41:19,2024-05-16,Rechazada,Michael Johnson,London,UK Corp.,No,Online,michael.johnson@example.com,Online,No
5566-6677-7788-9900,990.25,Spain,12:09:06,2024-05-17,Aceptada,Sofia Ramirez,Madrid,Spanish Co.,No,Presencial,sofia.ramirez@example.com,Presencial,No
6677-7788-6677-6677,285.00,USA,21:54:45,2024-05-18,Rechazada,Jessica Johnson,Los Angeles,USA Ltd.,No,Online,jessica.johnson@example.com,Online,No
7788-2233-8899-3344,580.80,Italy,9:30:57,2024-05-19,Aceptada,Alessandra Bianchi,Rome,Italian Co.,Sí,Ambas,alessandra.bianchi@example.com,Online,No
6677-8899-7788-6677,95.50,USA,15:12:34,2024-05-20,Aceptada,Emily Johnson,Chicago,USA Ltd.,No,Presencial,emily.johnson@example.com,Presencial,No
7788-3344-6677-9900,410.90,Canada,12:23:39,2024-05-21,Aceptada,Olivia Brown,Vancouver,Canadian Co.,No,Online,olivia.brown@example.com,Online,No
6677-7788-2233-2233,670.00,USA,19:35:50,2024-05-22,Rechazada,William White,San Francisco,USA Inc.,Sí,Online,william.white@example.com,Online,No
8899-6677-2233-4455,105.15,Australia,10:15:01,2024-05-23,Aceptada,Jessica Smith,Sydney,Aus Co.,No,Presencial,jessica.smith@example.com,Presencial,No
5566-6677-8899-4455,605.00,Japan,16:47:32,2024-05-24,Aceptada,Takahiro Tanaka,Tokyo,Japanese Co.,Sí,Ambas,takahiro.tanaka@example.com,Online,No
6677-3344-7788-6677,325.50,USA,11:42:56,2024-05-25,Rechazada,Steven Johnson,Los Angeles,USA Ltd.,No,Presencial,steven.johnson@example.com,Presencial,No
7788-8899-6677-2233,225.25,Canada,18:26:19,2024-05-26,Aceptada,Amanda Brown,Toronto,XYZ Corp.,No,Online,amanda.brown@example.com,Online,No
6677-5566-3344-9900,430.30,USA,10:50:04,2024-05-27,Aceptada,James Johnson,Los Angeles,USA Ltd.,No,Presencial,james.johnson@example.com,Presencial,No
7788-6677-7788-4455,190.60,Canada,16:17:12,2024-05-28,Aceptada,Alexander Smith,Vancouver,Canadian Co.,No,Online,alexander.smith@example.com,Online,No
6677-8899-7788-5566,150.20,USA,15:28:02,2024-05-29,Aceptada,James Johnson,Los Angeles,USA Ltd.,No,Presencial,james.johnson@example.com,Presencial,No
5566-6677-7788-4455,810.90,Germany,13:37:30,2024-05-30,Aceptada,Petra Müller,Berlin,Global Corp.,Sí,Online,petra.muller@example.com,Online,No
7788-8899-5566-6677,560.25,France,16:32:18,2024-05-31,Rechazada,Pierre Dupont,Paris,French Co.,No,Presencial,pierre.dupont@example.com,Presencial,No
6677-3344-7788-2233,520.00,USA,11:58:47,2024-06-01,Aceptada,John Johnson,New York,ABC Inc.,Sí,Online,john.johnson@example.com,Online,No
8899-7788-6677-9900,770.75,Canada,19:21:21,2024-06-02,Rechazada,Elizabeth Brown,Toronto,XYZ Corp.,No,Presencial,elizabeth.brown@example.com,Presencial,No
6677-8899-3344-6677,300.30,Mexico,9:32:02,2024-06-03,Aceptada,Carlos Hernandez,Mexico City,Mex Co.,No,Online,carlos.hernandez@example.com,Online,No
7788-6677-8899-2233,1350.00,Brazil,14:52:10,2024-06-04,Aceptada,Luiz Santos,Rio de Janeiro,Brazilian Co.,No,Presencial,luiz.santos@example.com,Presencial,Sí
5566-8899-2233-4455,65.80,USA,8:09:27,2024-06-05,Aceptada,Emily Lee,San Francisco,USA Inc.,Sí,Ambas,emily.lee@example.com,Presencial,Sí
8899-5566-7788-9900,140.50,UK,18:44:19,2024-06-06,Rechazada,Michael Johnson,London,UK Corp.,No,Online,michael.johnson@example.com,Online,No
6677-8899-2233-5566,920.25,Spain,12:01:06,2024-06-07,Aceptada,Sofia Ramirez,Madrid,Spanish Co.,No,Presencial,sofia.ramirez@example.com,Presencial,No
7788-6677-3344-6677,270.00,USA,21:51:45,2024-06-08,Rechazada,Jessica Johnson,Los Angeles,USA Ltd.,No,Online,jessica.johnson@example.com,Online,No
6677-5566-8899-1122,380.80,Italy,9:28:57,2024-06-09,Aceptada,Alessandra Bianchi,Rome,Italian Co.,Sí,Ambas,alessandra.bianchi@example.com,Online,No
7788-8899-6677-9900,85.50,USA,15:14:34,2024-06-10,Aceptada,Emily Johnson,Chicago,USA Ltd.,No,Presencial,emily.johnson@example.com,Presencial,No
6677-3344-6677-5566,420.90,Canada,12:27:39,2024-06-11,Aceptada,Olivia Brown,Vancouver,Canadian Co.,No,Online,olivia.brown@example.com,Online,No
7788-5566-6677-2233,680.00,USA,19:32:50,2024-06-12,Rechazada,William White,San Francisco,USA Inc.,Sí,Online,william.white@example.com,Online,No
6677-2233-3344-4455,105.15,Australia,10:10:01,2024-06-13,Aceptada,Jessica Smith,Sydney,Aus Co.,No,Presencial,jessica.smith@example.com,Presencial,No
8899-7788-3344-2233,735.00,Japan,16:45:32,2024-06-14,Aceptada,Takahiro Tanaka,Tokyo,Japanese Co.,Sí,Ambas,takahiro.tanaka@example.com,Online,No
6677-5566-7788-1122,325.50,USA,11:38:56,2024-06-15,Rechazada,Steven Johnson,Los Angeles,USA Ltd.,No,Presencial,steven.johnson@example.com,Presencial,No
7788-8899-3344-6677,240.25,Canada,18:25:19,2024-06-16,Aceptada,Amanda Brown,Toronto,XYZ Corp.,No,Online,amanda.brown@example.com,Online,No
6677-7788-2233-9900,430.30,USA,10:55:04,2024-06-17,Aceptada,James Johnson,Los Angeles,USA Ltd.,No,Presencial,james.johnson@example.com,Presencial,No
8899-6677-3344-4455,190.60,Canada,16:19:12,2024-06-18,Aceptada,Alexander Smith,Vancouver,Canadian Co.,No,Online,alexander.smith@example.com,Online,No
6677-8899-7788-5566,260.20,USA,15:26:02,2024-06-19,Aceptada,James Johnson,Los Angeles,USA Ltd.,No,Presencial,james.johnson@example.com,Presencial,No
